1f004,mahjong-red-dragon,mahjong
1f0cf,joker,black-joker
1f170,a-button,a
1f171,b-button,b
1f17e,o-button,o2
1f17f,p-button,parking
1f18e,ab-button,ab
1f191,squared-cl,cl
1f192,squared-cool,cool
1f193,squared-free,free
1f194,squared-id,id
1f195,squared-new,new
1f196,squared-ng,ng
1f197,squared-ok,ok
1f198,squared-sos,sos
1f199,upexc-button,up
1f19a,squared-vs,vs
1f1e6-1f1e8,ascension-island-flag
1f1e6-1f1e9,andorra-flag
1f1e6-1f1ea,emirates-uae-united-flag
1f1e6-1f1eb,afghanistan-flag
1f1e6-1f1ec,antigua-barbuda-flag
1f1e6-1f1ee,anguilla-flag
1f1e6-1f1f1,albania-flag
1f1e6-1f1f2,armenia-flag
1f1e6-1f1f4,angola-flag
1f1e6-1f1f6,antarctica-flag
1f1e6-1f1f7,argentina-flag
1f1e6-1f1f8,american-samoa-flag
1f1e6-1f1f9,austria-flag
1f1e6-1f1fa,australia-flag
1f1e6-1f1fc,aruba-flag
1f1e6-1f1fd,aland-flag
1f1e6-1f1ff,azerbaijan-flag
1f1e6,aa,squared-a
1f1e7-1f1e6,bosnia-herzegovina-flag
1f1e7-1f1e7,barbados-flag
1f1e7-1f1e9,bangladesh-flag
1f1e7-1f1ea,belgium-flag
1f1e7-1f1eb,burkina-faso-flag
1f1e7-1f1ec,bulgaria-flag
1f1e7-1f1ed,bahrain-flag
1f1e7-1f1ee,burundi-flag
1f1e7-1f1ef,benin-flag
1f1e7-1f1f1,barthelemy-barthelemy-saint-flag
1f1e7-1f1f2,bermuda-flag
1f1e7-1f1f3,brunei-darussalam-flag
1f1e7-1f1f4,bolivia-flag
1f1e7-1f1f6,bonaire-caribbean-eustatius-netherlands-saba-sint-flag
1f1e7-1f1f7,brazil-flag
1f1e7-1f1f8,bahamas-flag
1f1e7-1f1f9,bhutan-flag
1f1e7-1f1fb,bouvet-island-flag
1f1e7-1f1fc,botswana-flag
1f1e7-1f1fe,belarus-flag
1f1e7-1f1ff,belize-flag
1f1e7,bb,squared-b
1f1e8-1f1e6,canada-flag
1f1e8-1f1e8,cocos-island-keeling-flag
1f1e8-1f1e9,congo-congo-kinshasa-democratic-republic-of-congo-drc-kinshasa-republic-flag
1f1e8-1f1eb,central-african-republic-republic-flag
1f1e8-1f1ec,brazzaville-congo-congo-republic-congo-brazzaville-republic-republic-of-the-congo-flag
1f1e8-1f1ed,switzerland-flag
1f1e8-1f1ee,cote-ivoire-cote-ivoire-ivory-coast-flag
1f1e8-1f1f0,cook-island-flag
1f1e8-1f1f1,chile-flag
1f1e8-1f1f2,cameroon-flag
1f1e8-1f1f3,china-flag,cn
1f1e8-1f1f4,colombia-flag
1f1e8-1f1f5,clipperton-island-flag
1f1e8-1f1f7,costa-rica-flag
1f1e8-1f1fa,cuba-flag
1f1e8-1f1fb,cabo-cape-verde-flag
1f1e8-1f1fc,antilles-curacao-cura√ßao-flag
1f1e8-1f1fd,christmas-island-flag
1f1e8-1f1fe,cyprus-flag
1f1e8-1f1ff,czech-republic-flag
1f1e8,cc,squared-c
1f1e9-1f1ea,germany-flag,de
1f1e9-1f1ec,diego-garcia-flag
1f1e9-1f1ef,djibouti-flag
1f1e9-1f1f0,denmark-flag
1f1e9-1f1f2,dominica-flag
1f1e9-1f1f4,dominican-republic-flag
1f1e9-1f1ff,algeria-flag
1f1e9,dd,squared-d
1f1ea-1f1e6,ceuta-melilla-flag
1f1ea-1f1e8,ecuador-flag
1f1ea-1f1ea,estonia-flag
1f1ea-1f1ec,egypt-flag
1f1ea-1f1ed,sahara-west-western-sahara-flag
1f1ea-1f1f7,eritrea-flag
1f1ea-1f1f8,spain-flag,es
1f1ea-1f1f9,ethiopia-flag
1f1ea-1f1fa,european-union-flag
1f1ea,ee,squared-e
1f1eb-1f1ee,finland-flag
1f1eb-1f1ef,fiji-flag
1f1eb-1f1f0,falkland-falklands-island-islas-malvinas-flag
1f1eb-1f1f2,micronesia-flag
1f1eb-1f1f4,faroe-island-flag
1f1eb-1f1f7,france-flag,fr
1f1eb,ff,squared-f
1f1ec-1f1e6,gabon-flag
1f1ec-1f1e7,britain-british-cornwall-england-great-britain-ireland-northern-ireland-scotland-uk-union-jack-united-united-kingdom-wales-flag,gb
1f1ec-1f1e9,grenada-flag
1f1ec-1f1ea,georgia-flag
1f1ec-1f1eb,french-guiana-flag
1f1ec-1f1ec,guernsey-flag
1f1ec-1f1ed,ghana-flag
1f1ec-1f1ee,gibraltar-flag
1f1ec-1f1f1,greenland-flag
1f1ec-1f1f2,gambia-flag
1f1ec-1f1f3,guinea-flag
1f1ec-1f1f5,guadeloupe-flag
1f1ec-1f1f6,equatorial-guinea-guinea-flag
1f1ec-1f1f7,greece-flag
1f1ec-1f1f8,georgia-island-south-south-georgia-south-sandwich-flag
1f1ec-1f1f9,guatemala-flag
1f1ec-1f1fa,guam-flag
1f1ec-1f1fc,bissau-guinea-flag
1f1ec-1f1fe,guyana-flag
1f1ec,gg,squared-g
1f1ed-1f1f0,china-hong-kong-flag
1f1ed-1f1f2,heard-island-mcdonald-flag
1f1ed-1f1f3,honduras-flag
1f1ed-1f1f7,croatia-flag
1f1ed-1f1f9,haiti-flag
1f1ed-1f1fa,hungary-flag
1f1ed,hh,squared-h
1f1ee-1f1e8,canary-island-flag
1f1ee-1f1e9,indonesia-flag
1f1ee-1f1ea,ireland-flag
1f1ee-1f1f1,israel-flag
1f1ee-1f1f2,isle-of-man-flag
1f1ee-1f1f3,india-flag
1f1ee-1f1f4,british-chagos-indian-ocean-island-flag
1f1ee-1f1f6,iraq-flag
1f1ee-1f1f7,iran-flag
1f1ee-1f1f8,iceland-flag
1f1ee-1f1f9,italy-flag,it
1f1ee,ii,squared-i
1f1ef-1f1ea,jersey-flag
1f1ef-1f1f2,jamaica-flag
1f1ef-1f1f4,jordan-flag
1f1ef-1f1f5,japan-flag,jp
1f1ef,jj,squared-j
1f1f0-1f1ea,kenya-flag
1f1f0-1f1ec,kyrgyzstan-flag
1f1f0-1f1ed,cambodia-flag
1f1f0-1f1ee,kiribati-flag
1f1f0-1f1f2,comoros-flag
1f1f0-1f1f3,kitts-nevis-saint-flag
1f1f0-1f1f5,korea-north-north-korea-flag
1f1f0-1f1f7,korea-south-south-korea-flag,kr
1f1f0-1f1fc,kuwait-flag
1f1f0-1f1fe,cayman-island-flag
1f1f0-1f1ff,kazakhstan-flag
1f1f0,kk,squared-k
1f1f1-1f1e6,laos-flag
1f1f1-1f1e7,lebanon-flag
1f1f1-1f1e8,lucia-saint-flag
1f1f1-1f1ee,liechtenstein-flag
1f1f1-1f1f0,sri-lanka-flag
1f1f1-1f1f7,liberia-flag
1f1f1-1f1f8,lesotho-flag
1f1f1-1f1f9,lithuania-flag
1f1f1-1f1fa,luxembourg-flag
1f1f1-1f1fb,latvia-flag
1f1f1-1f1fe,libya-flag
1f1f1,ll,squared-l
1f1f2-1f1e6,morocco-flag
1f1f2-1f1e8,monaco-flag
1f1f2-1f1e9,moldova-flag
1f1f2-1f1ea,montenegro-flag
1f1f2-1f1eb,french-martin-saint-flag
1f1f2-1f1ec,madagascar-flag
1f1f2-1f1ed,island-marshall-flag
1f1f2-1f1f0,macedonia-flag
1f1f2-1f1f1,mali-flag
1f1f2-1f1f2,burma-myanmar-flag
1f1f2-1f1f3,mongolia-flag
1f1f2-1f1f4,china-macao-macau-flag
1f1f2-1f1f5,island-mariana-north-northern-mariana-flag
1f1f2-1f1f6,martinique-flag
1f1f2-1f1f7,mauritania-flag
1f1f2-1f1f8,montserrat-flag
1f1f2-1f1f9,malta-flag
1f1f2-1f1fa,mauritius-flag
1f1f2-1f1fb,maldives-flag
1f1f2-1f1fc,malawi-flag
1f1f2-1f1fd,mexico-flag
1f1f2-1f1fe,malaysia-flag
1f1f2-1f1ff,mozambique-flag
1f1f2,mm,squared-m
1f1f3-1f1e6,namibia-flag
1f1f3-1f1e8,new-new-caledonia-flag
1f1f3-1f1ea,niger-flag
1f1f3-1f1eb,island-norfolk-flag
1f1f3-1f1ec,nigeria-flag
1f1f3-1f1ee,nicaragua-flag
1f1f3-1f1f1,netherlands-flag
1f1f3-1f1f4,norway-flag
1f1f3-1f1f5,nepal-flag
1f1f3-1f1f7,nauru-flag
1f1f3-1f1fa,niue-flag
1f1f3-1f1ff,new-new-zealand-flag
1f1f3,nn,squared-n
1f1f4-1f1f2,oman-flag
1f1f4,oo,squared-o
1f1f5-1f1e6,panama-flag
1f1f5-1f1ea,peru-flag
1f1f5-1f1eb,french-polynesia-flag
1f1f5-1f1ec,guinea-new-papua-new-guinea-flag
1f1f5-1f1ed,philippines-flag
1f1f5-1f1f0,pakistan-flag
1f1f5-1f1f1,poland-flag
1f1f5-1f1f2,miquelon-pierre-saint-flag
1f1f5-1f1f3,island-pitcairn-flag
1f1f5-1f1f7,puerto-rico-flag
1f1f5-1f1f8,palestine-flag
1f1f5-1f1f9,portugal-flag
1f1f5-1f1fc,palau-flag
1f1f5-1f1fe,paraguay-flag
1f1f5,pp,squared-p
1f1f6-1f1e6,qatar-flag
1f1f6,qq,squared-q
1f1f7-1f1ea,reunion-reunion-flag
1f1f7-1f1f4,romania-flag
1f1f7-1f1f8,serbia-flag
1f1f7-1f1fa,russia-flag,ru
1f1f7-1f1fc,rwanda-flag
1f1f7,rr,squared-r
1f1f8-1f1e6,saudi-arabia-flag
1f1f8-1f1e7,island-solomon-flag
1f1f8-1f1e8,seychelles-flag
1f1f8-1f1e9,sudan-flag
1f1f8-1f1ea,sweden-flag
1f1f8-1f1ec,singapore-flag
1f1f8-1f1ed,helena-saint-flag
1f1f8-1f1ee,slovenia-flag
1f1f8-1f1ef,jan-mayen-svalbard-flag
1f1f8-1f1f0,slovakia-flag
1f1f8-1f1f1,sierra-leone-flag
1f1f8-1f1f2,san-marino-flag
1f1f8-1f1f3,senegal-flag
1f1f8-1f1f4,somalia-flag
1f1f8-1f1f7,suriname-flag
1f1f8-1f1f8,south-south-sudan-sudan-flag
1f1f8-1f1f9,principe-principe-sao-tome-sao-tome-flag
1f1f8-1f1fb,el-salvador-flag
1f1f8-1f1fd,maarten-sint-flag
1f1f8-1f1fe,syria-flag
1f1f8-1f1ff,swaziland-flag
1f1f8,ss,squared-s
1f1f9-1f1e6,tristan-da-cunha-flag
1f1f9-1f1e8,caicos-island-turks-flag
1f1f9-1f1e9,chad-flag
1f1f9-1f1eb,antarctic-french-flag
1f1f9-1f1ec,togo-flag
1f1f9-1f1ed,thailand-flag
1f1f9-1f1ef,tajikistan-flag
1f1f9-1f1f0,tokelau-flag
1f1f9-1f1f1,east-east-timor-timor-leste-flag
1f1f9-1f1f2,turkmenistan-flag
1f1f9-1f1f3,tunisia-flag
1f1f9-1f1f4,tonga-flag
1f1f9-1f1f7,turkey-flag
1f1f9-1f1f9,tobago-trinidad-flag
1f1f9-1f1fb,tuvalu-flag
1f1f9-1f1fc,china-taiwan-flag
1f1f9-1f1ff,tanzania-flag
1f1f9,tt,squared-t
1f1fa-1f1e6,ukraine-flag
1f1fa-1f1ec,uganda-flag
1f1fa-1f1f2,america-island-minor-outlying-united-united-states-us-usa-flag
1f1fa-1f1f8,america-stars-and-stripes-united-united-states-flag,us
1f1fa-1f1fe,uruguay-flag
1f1fa-1f1ff,uzbekistan-flag
1f1fa,uu,squared-u
1f1fb-1f1e6,vatican-flag
1f1fb-1f1e8,grenadines-saint-vincent-flag
1f1fb-1f1ea,venezuela-flag
1f1fb-1f1ec,british-island-virgin-flag
1f1fb-1f1ee,america-american-island-united-united-states-us-usa-virgin-flag
1f1fb-1f1f3,viet-nam-vietnam-flag
1f1fb-1f1fa,vanuatu-flag
1f1fb,vv,squared-v
1f1fc-1f1eb,futuna-wallis-flag
1f1fc-1f1f8,samoa-flag
1f1fc,ww,squared-w
1f1fd-1f1f0,kosovo-flag
1f1fd,xx,squared-x
1f1fe-1f1ea,yemen-flag
1f1fe-1f1f9,mayotte-flag
1f1fe,yy,squared-y
1f1ff-1f1e6,south-south-africa-flag
1f1ff-1f1f2,zambia-flag
1f1ff-1f1fc,zimbabwe-flag
1f1ff,zz,squared-z
1f201,squared-katakana-koko,koko
1f202,squared-katakana-sa,sa
1f21a,squared-negation-ideograph,u7121
1f22f,squared-finger-ideograph,u6307
1f232,squared-prohibit-ideograph,u7981
1f233,squared-empty-ideograph,u7a7a
1f234,squared-together-ideograph,u5408
1f235,squared-fullness-ideograph,u6e80
1f236,squared-exist-ideograph,u6709
1f237,squared-moon-ideograph,u6708
1f238,squared-apply-ideograph,u7533
1f239,squared-divide-ideograph,u5272
1f23a,squared-operating-ideograph,u55b6
1f250,circled-advantage-ideograph,ideograph-advantage
1f251,circled-accept-ideograph,accept
1f300,cyclone
1f301,foggy
1f302,closed-umbrella
1f303,night-with-stars,stars
1f304,sunrise-over-mountains
1f305,sunrise
1f306,cityscape-at-dusk,city-sunset
1f307,sunset,city-sunrise
1f308,rainbow
1f309,bridge-at-night
1f30a,water-wave,ocean
1f30b,volcano
1f30c,milky-way
1f30d,globe-showing-europe-africa,earth-africa
1f30e,globe-showing-americas,earth-americas
1f30f,globe-showing-asia-australia,earth-asia
1f310,globe-with-meridians
1f311,new-moon
1f312,waxing-crescent-moon
1f313,first-quarter-moon
1f314,waxing-gibbous-moon
1f315,full-moon
1f316,waning-gibbous-moon
1f317,last-quarter-moon
1f318,waning-crescent-moon
1f319,crescent-moon,moon
1f31a,new-moon-face,new-moon-with-face
1f31b,first-quarter-moon-with-face
1f31c,last-quarter-moon-with-face
1f31d,full-moon-with-face
1f31e,sun-with-face
1f31f,glowing-star,star2
1f320,shooting-star
1f321,thermometer
1f324,sun-behind-small-cloud
1f325,sun-behind-large-cloud
1f326,sun-behind-cloud-with-rain
1f327,cloud-with-rain
1f328,cloud-with-snow
1f329,cloud-with-lightning
1f32a,tornado
1f32b,fog
1f32c,wind-face
1f32d,hot-dog
1f32e,taco
1f32f,burrito
1f330,chestnut
1f331,seedling
1f332,evergreen,evergreen-tree
1f333,deciduous-tree
1f334,palm-tree
1f335,cactus
1f336,hot-pepper
1f337,tulip
1f338,cherry-blossom
1f339,rose
1f33a,hibiscus
1f33b,sunflower
1f33c,blossom
1f33d,ear-of-corn,corn
1f33e,sheaf-of-rice,ear-of-rice
1f33f,herb
1f340,four-leaf-clover
1f341,maple-leaf
1f342,fallen-leaf
1f343,leaf-fluttering-in-wind,leaves
1f344,mushroom
1f345,tomato
1f346,eggplant
1f347,grapes
1f348,melon
1f349,watermelon
1f34a,tangerine
1f34b,lemon
1f34c,banana
1f34d,pineapple
1f34e,red-apple,apple
1f34f,green-apple
1f350,pear
1f351,peach
1f352,cherries
1f353,strawberry
1f354,hamburger
1f355,pizza
1f356,meat-on-bone
1f357,poultry-leg
1f358,rice-cracker
1f359,rice-ball
1f35a,cooked-rice,rice
1f35b,curry-rice,curry
1f35c,steaming-bowl,ramen
1f35d,spaghetti
1f35e,bread
1f35f,french-fries,fries
1f360,roasted-sweet-potato,sweet-potato
1f361,dango
1f362,oden
1f363,sushi
1f364,fried-shrimp
1f365,fish-cake-with-swirl,fish-cake
1f366,soft-ice-cream,icecream
1f367,shaved-ice
1f368,ice-cream
1f369,doughnut
1f36a,cookie
1f36b,chocolate-bar
1f36c,candy
1f36d,lollipop
1f36e,custard
1f36f,honey-pot
1f370,shortcake,cake
1f371,bento-box,bento
1f372,pot-of-food,stew
1f373,cooking
1f374,fork-and-knife
1f375,teacup-without-handle,tea
1f376,sake
1f377,wine-glass
1f378,cocktail-glass,cocktail
1f379,tropical-drink
1f37a,beer-mug,beer
1f37b,clinking-beer-mugs,beers
1f37c,baby-bottle
1f37d,fork-and-knife-with-plate
1f37e,bottle-with-popping-cork
1f37f,popcorn
1f380,ribbon
1f381,wrapped-present,gift
1f382,birthday-cake,birthday
1f383,jack-o-lantern
1f384,christmas-tree
1f385-1f3fb,father-christmas-type-1-2
1f385-1f3fc,father-christmas-type-3
1f385-1f3fd,father-christmas-type-4
1f385-1f3fe,father-christmas-type-5
1f385-1f3ff,father-christmas-type-6
1f385,santa-claus,santa
1f386,fireworks
1f387,sparkler
1f388,balloon
1f389,party-popper,tada
1f38a,confetti-ball
1f38b,tanabata-tree
1f38c,crossed-flags
1f38d,pine-decoration,bamboo
1f38e,japanese-dolls,dolls
1f38f,carp-streamer,flags
1f390,wind-chime
1f391,moon-ceremony,rice-scene
1f392,school-backpack,school-satchel
1f393,graduation-cap,mortar-board
1f396,military-medal
1f397,reminder-ribbon
1f399,studio-microphone
1f39a,level-slider
1f39b,control-knobs
1f39e,film-frames
1f39f,admission-tickets
1f3a0,carousel-horse
1f3a1,ferris-wheel
1f3a2,roller-coaster
1f3a3,fishing-pole,fishing-pole-and-fish
1f3a4,microphone
1f3a5,movie-camera
1f3a6,cinema
1f3a7,headphone,headphones
1f3a8,artist-palette,art
1f3a9,top-hat,tophat
1f3aa,circus-tent
1f3ab,ticket
1f3ac,clapper-board,clapper
1f3ad,performing-arts
1f3ae,video-game
1f3af,direct-hit,dart
1f3b0,slot-machine
1f3b1,billiards,8ball
1f3b2,game-die
1f3b3,bowling
1f3b4,flower-playing-cards
1f3b5,musical-note
1f3b6,musical-notes,notes
1f3b7,saxophone
1f3b8,guitar
1f3b9,musical-keyboard
1f3ba,trumpet
1f3bb,violin
1f3bc,musical-score
1f3bd,running-shirt,running-shirt-with-sash
1f3be,tennis
1f3bf,skis,ski
1f3c0,basketball
1f3c1,chequered-flag,checkered-flag
1f3c2-1f3fb,snowboarder-type-1-2
1f3c2-1f3fc,snowboarder-type-3
1f3c2-1f3fd,snowboarder-type-4
1f3c2-1f3fe,snowboarder-type-5
1f3c2-1f3ff,snowboarder-type-6
1f3c2,snowboarder
1f3c3-1f3fb,runner-type-1-2
1f3c3-1f3fc,runner-type-3
1f3c3-1f3fd,runner-type-4
1f3c3-1f3fe,runner-type-5
1f3c3-1f3ff,runner-type-6
1f3c3,runner
1f3c4-1f3fb,surfer-type-1-2
1f3c4-1f3fc,surfer-type-3
1f3c4-1f3fd,surfer-type-4
1f3c4-1f3fe,surfer-type-5
1f3c4-1f3ff,surfer-type-6
1f3c4,surfer
1f3c5,sports-medal
1f3c6,trophy
1f3c7-1f3fb,horse-racing-type-1-2
1f3c7-1f3fc,horse-racing-type-3
1f3c7-1f3fd,horse-racing-type-4
1f3c7-1f3fe,horse-racing-type-5
1f3c7-1f3ff,horse-racing-type-6
1f3c7,horse-racing
1f3c8,american-football,football
1f3c9,rugby-football
1f3ca-1f3fb,swimmer-type-1-2
1f3ca-1f3fc,swimmer-type-3
1f3ca-1f3fd,swimmer-type-4
1f3ca-1f3fe,swimmer-type-5
1f3ca-1f3ff,swimmer-type-6
1f3ca,swimmer
1f3cb-1f3fb,weight-lifter-type-1-2
1f3cb-1f3fc,weight-lifter-type-3
1f3cb-1f3fd,weight-lifter-type-4
1f3cb-1f3fe,weight-lifter-type-5
1f3cb-1f3ff,weight-lifter-type-6
1f3cb,weight-lifter
1f3cc,golfer
1f3cd,motorcycle
1f3ce,racing-car
1f3cf,cricket
1f3d0,volleyball
1f3d1,field-hockey
1f3d2,ice-hockey-stick-and-puck
1f3d3,ping-pong
1f3d4,snow-capped-mountain
1f3d5,camping
1f3d6,beach-with-umbrella
1f3d7,building-construction
1f3d8,house-buildings
1f3d9,cityscape
1f3da,derelict-house-building
1f3db,classical-building
1f3dc,desert
1f3dd,desert-island
1f3de,national-park
1f3df,stadium
1f3e0,house-building,house
1f3e1,house-with-garden
1f3e2,office-building,office
1f3e3,japanese-post-office
1f3e4,post-office,european-post-office
1f3e5,hospital
1f3e6,bank
1f3e7,atm-sign,atm
1f3e8,hotel
1f3e9,love-hotel
1f3ea,convenience-store
1f3eb,school
1f3ec,department-store
1f3ed,factory
1f3ee,red-paper-lantern
1f3ef,japanese-castle
1f3f0,castle,european-castle
1f3f3-fe0f-200d-1f308,rainbow-flag,pride
1f3f3,waving-white-flag
1f3f4-200d-2620-fe0f,pirate-flag,jolly-roger
1f3f4,waving-black-flag
1f3f5,rosette
1f3f7,label
1f3f8,badminton
1f3f9,bow-and-arrow
1f3fa,amphora
1f3fb,skin-type-1-2
1f3fc,skin-type-3
1f3fd,skin-type-4
1f3fe,skin-type-5
1f3ff,skin-type-6
1f400,rat
1f401,mouse,mouse2
1f402,ox
1f403,water-buffalo
1f404,cow,cow2
1f405,tiger,tiger2
1f406,leopard
1f407,rabbit,rabbit2
1f408,cat,cat2
1f409,dragon
1f40a,crocodile
1f40b,whale,whale2
1f40c,snail
1f40d,snake
1f40e,horse,racehorse
1f40f,ram
1f410,goat
1f411,sheep
1f412,monkey
1f413,rooster
1f414,chicken
1f415,dog,dog2
1f416,pig,pig2
1f417,boar
1f418,elephant
1f419,octopus
1f41a,spiral-shell,shell
1f41b,bug
1f41c,ant
1f41d,honeybee
1f41e,lady-beetle,beetle
1f41f,fish
1f420,tropical-fish
1f421,blowfish
1f422,turtle
1f423,hatching-chick
1f424,baby-chick
1f425,front-facing-baby-chick,hatched-chick
1f426,bird
1f427,penguin
1f428,koala
1f429,poodle
1f42a,camel,dromedary-camel
1f42b,two-hump-camel
1f42c,dolphin
1f42d,mouse-face
1f42e,cow-face
1f42f,tiger-face
1f430,rabbit-face
1f431,cat-face
1f432,dragon-face
1f433,spouting-whale
1f434,horse-face
1f435,monkey-face
1f436,dog-face
1f437,pig-face
1f438,frog-face,frog
1f439,hamster-face,hamster
1f43a,wolf-face,wolf
1f43b,bear-face,bear
1f43c,panda-face
1f43d,pig-nose
1f43e,paw-prints
1f43f,chipmunk
1f440,eyes
1f441-200d-1f5e8,eye-in-speech-bubble
1f441,eye
1f442-1f3fb,ear-type-1-2
1f442-1f3fc,ear-type-3
1f442-1f3fd,ear-type-4
1f442-1f3fe,ear-type-5
1f442-1f3ff,ear-type-6
1f442,ear
1f443-1f3fb,nose-type-1-2
1f443-1f3fc,nose-type-3
1f443-1f3fd,nose-type-4
1f443-1f3fe,nose-type-5
1f443-1f3ff,nose-type-6
1f443,nose
1f444,mouth,lips
1f445,tongue
1f446-1f3fb,white-up-pointing-backhand-index-type-1-2
1f446-1f3fc,white-up-pointing-backhand-index-type-3
1f446-1f3fd,white-up-pointing-backhand-index-type-4
1f446-1f3fe,white-up-pointing-backhand-index-type-5
1f446-1f3ff,white-up-pointing-backhand-index-type-6
1f446,backhand-index-pointing-up,point-up-2
1f447-1f3fb,white-down-pointing-backhand-index-type-1-2
1f447-1f3fc,white-down-pointing-backhand-index-type-3
1f447-1f3fd,white-down-pointing-backhand-index-type-4
1f447-1f3fe,white-down-pointing-backhand-index-type-5
1f447-1f3ff,white-down-pointing-backhand-index-type-6
1f447,backhand-index-pointing-down,point-down
1f448-1f3fb,white-left-pointing-backhand-index-type-1-2
1f448-1f3fc,white-left-pointing-backhand-index-type-3
1f448-1f3fd,white-left-pointing-backhand-index-type-4
1f448-1f3fe,white-left-pointing-backhand-index-type-5
1f448-1f3ff,white-left-pointing-backhand-index-type-6
1f448,backhand-index-pointing-left,point-left
1f449-1f3fb,white-right-pointing-backhand-index-type-1-2
1f449-1f3fc,white-right-pointing-backhand-index-type-3
1f449-1f3fd,white-right-pointing-backhand-index-type-4
1f449-1f3fe,white-right-pointing-backhand-index-type-5
1f449-1f3ff,white-right-pointing-backhand-index-type-6
1f449,backhand-index-pointing-right,point-right
1f44a-1f3fb,fisted-hand-sign-type-1-2
1f44a-1f3fc,fisted-hand-sign-type-3
1f44a-1f3fd,fisted-hand-sign-type-4
1f44a-1f3fe,fisted-hand-sign-type-5
1f44a-1f3ff,fisted-hand-sign-type-6
1f44a,oncoming-fist,punch
1f44b-1f3fb,waving-hand-sign-type-1-2
1f44b-1f3fc,waving-hand-sign-type-3
1f44b-1f3fd,waving-hand-sign-type-4
1f44b-1f3fe,waving-hand-sign-type-5
1f44b-1f3ff,waving-hand-sign-type-6
1f44b,waving-hand,wave
1f44c-1f3fb,ok-hand-sign-type-1-2
1f44c-1f3fc,ok-hand-sign-type-3
1f44c-1f3fd,ok-hand-sign-type-4
1f44c-1f3fe,ok-hand-sign-type-5
1f44c-1f3ff,ok-hand-sign-type-6
1f44c,ok-hand
1f44d-1f3fb,thumbs-up-sign-type-1-2
1f44d-1f3fc,thumbs-up-sign-type-3
1f44d-1f3fd,thumbs-up-sign-type-4
1f44d-1f3fe,thumbs-up-sign-type-5
1f44d-1f3ff,thumbs-up-sign-type-6
1f44d,thumbs-up,thumbsup
1f44e-1f3fb,thumbs-down-sign-type-1-2
1f44e-1f3fc,thumbs-down-sign-type-3
1f44e-1f3fd,thumbs-down-sign-type-4
1f44e-1f3fe,thumbs-down-sign-type-5
1f44e-1f3ff,thumbs-down-sign-type-6
1f44e,thumbs-down,thumbsdown
1f44f-1f3fb,clapping-hands-sign-type-1-2
1f44f-1f3fc,clapping-hands-sign-type-3
1f44f-1f3fd,clapping-hands-sign-type-4
1f44f-1f3fe,clapping-hands-sign-type-5
1f44f-1f3ff,clapping-hands-sign-type-6
1f44f,clapping-hands,clap
1f450-1f3fb,open-hands-sign-type-1-2
1f450-1f3fc,open-hands-sign-type-3
1f450-1f3fd,open-hands-sign-type-4
1f450-1f3fe,open-hands-sign-type-5
1f450-1f3ff,open-hands-sign-type-6
1f450,open-hands
1f451,crown
1f452,womans-hat
1f453,glasses,eyeglasses
1f454,necktie
1f455,t-shirt,shirt
1f456,jeans
1f457,dress
1f458,kimono
1f459,bikini
1f45a,womans-clothes
1f45b,purse
1f45c,handbag
1f45d,pouch
1f45e,mans-shoe
1f45f,running-shoe
1f460,high-heeled-shoe,high-heel
1f461,womans-sandal,sandal
1f462,womans-boot,boot
1f463,footprints,feet
1f464,bust-in-silhouette
1f465,busts-in-silhouette
1f466-1f3fb,boy-type-1-2
1f466-1f3fc,boy-type-3
1f466-1f3fd,boy-type-4
1f466-1f3fe,boy-type-5
1f466-1f3ff,boy-type-6
1f466,boy
1f467-1f3fb,girl-type-1-2
1f467-1f3fc,girl-type-3
1f467-1f3fd,girl-type-4
1f467-1f3fe,girl-type-5
1f467-1f3ff,girl-type-6
1f467,girl
1f468-1f3fb,man-type-1-2
1f468-1f3fc,man-type-3
1f468-1f3fd,man-type-4
1f468-1f3fe,man-type-5
1f468-1f3ff,man-type-6
1f468-200d-1f468-200d-1f466-200d-1f466,family-man-man-boy-boy
1f468-200d-1f468-200d-1f466,family-man-man-boy
1f468-200d-1f468-200d-1f467-200d-1f466,family-man-man-girl-boy
1f468-200d-1f468-200d-1f467-200d-1f467,family-man-man-girl-girl
1f468-200d-1f468-200d-1f467,family-man-man-girl
1f468-200d-1f469-200d-1f466-200d-1f466,family-man-woman-boy-boy
1f468-200d-1f469-200d-1f466,family-man-woman-boy
1f468-200d-1f469-200d-1f467-200d-1f466,family-man-woman-girl-boy
1f468-200d-1f469-200d-1f467-200d-1f467,family-man-woman-girl-girl
1f468-200d-1f469-200d-1f467,family-man-woman-girl
1f468-200d-2764-fe0f-200d-1f468,couple-with-heart-man-man
1f468-200d-2764-fe0f-200d-1f48b-200d-1f468,kiss-man-man
1f468,man
1f469-1f3fb,woman-type-1-2
1f469-1f3fc,woman-type-3
1f469-1f3fd,woman-type-4
1f469-1f3fe,woman-type-5
1f469-1f3ff,woman-type-6
1f469-200d-1f469-200d-1f466-200d-1f466,family-woman-woman-boy-boy
1f469-200d-1f469-200d-1f466,family-woman-woman-boy
1f469-200d-1f469-200d-1f467-200d-1f466,family-woman-woman-girl-boy
1f469-200d-1f469-200d-1f467-200d-1f467,family-woman-woman-girl-girl
1f469-200d-1f469-200d-1f467,family-woman-woman-girl
1f469-200d-2764-fe0f-200d-1f468,couple-with-heart-woman-man
1f469-200d-2764-fe0f-200d-1f469,couple-with-heart-woman-woman
1f469-200d-2764-fe0f-200d-1f48b-200d-1f468,kiss-woman-man
1f469-200d-2764-fe0f-200d-1f48b-200d-1f469,kiss-woman-woman
1f469,woman
1f46a,family
1f46b,man-and-woman-holding-hands,couple
1f46c,two-men-holding-hands
1f46d,two-women-holding-hands
1f46e-1f3fb,police-officer-type-1-2
1f46e-1f3fc,police-officer-type-3
1f46e-1f3fd,police-officer-type-4
1f46e-1f3fe,police-officer-type-5
1f46e-1f3ff,police-officer-type-6
1f46e,police-officer,cop
1f46f,women-partying,dancers
1f470-1f3fb,bride-with-veil-type-1-2
1f470-1f3fc,bride-with-veil-type-3
1f470-1f3fd,bride-with-veil-type-4
1f470-1f3fe,bride-with-veil-type-5
1f470-1f3ff,bride-with-veil-type-6
1f470,bride-with-veil
1f471-1f3fb,person-with-blond-hair-type-1-2
1f471-1f3fc,person-with-blond-hair-type-3
1f471-1f3fd,person-with-blond-hair-type-4
1f471-1f3fe,person-with-blond-hair-type-5
1f471-1f3ff,person-with-blond-hair-type-6
1f471,person-with-blond-hair
1f472-1f3fb,man-with-gua-pi-mao-type-1-2
1f472-1f3fc,man-with-gua-pi-mao-type-3
1f472-1f3fd,man-with-gua-pi-mao-type-4
1f472-1f3fe,man-with-gua-pi-mao-type-5
1f472-1f3ff,man-with-gua-pi-mao-type-6
1f472,man-with-chinese-cap,man-with-gua-pi-mao
1f473-1f3fb,man-with-turban-type-1-2
1f473-1f3fc,man-with-turban-type-3
1f473-1f3fd,man-with-turban-type-4
1f473-1f3fe,man-with-turban-type-5
1f473-1f3ff,man-with-turban-type-6
1f473,man-with-turban
1f474-1f3fb,older-man-type-1-2
1f474-1f3fc,older-man-type-3
1f474-1f3fd,older-man-type-4
1f474-1f3fe,older-man-type-5
1f474-1f3ff,older-man-type-6
1f474,old-man,older-man
1f475-1f3fb,older-woman-type-1-2
1f475-1f3fc,older-woman-type-3
1f475-1f3fd,older-woman-type-4
1f475-1f3fe,older-woman-type-5
1f475-1f3ff,older-woman-type-6
1f475,old-woman,older-woman
1f476-1f3fb,baby-type-1-2
1f476-1f3fc,baby-type-3
1f476-1f3fd,baby-type-4
1f476-1f3fe,baby-type-5
1f476-1f3ff,baby-type-6
1f476,baby
1f477-1f3fb,construction-worker-type-1-2
1f477-1f3fc,construction-worker-type-3
1f477-1f3fd,construction-worker-type-4
1f477-1f3fe,construction-worker-type-5
1f477-1f3ff,construction-worker-type-6
1f477,construction-worker
1f478-1f3fb,princess-type-1-2
1f478-1f3fc,princess-type-3
1f478-1f3fd,princess-type-4
1f478-1f3fe,princess-type-5
1f478-1f3ff,princess-type-6
1f478,princess
1f479,ogre,japanese-ogre
1f47a,goblin,japanese-goblin
1f47b,ghost
1f47c-1f3fb,baby-angel-type-1-2
1f47c-1f3fc,baby-angel-type-3
1f47c-1f3fd,baby-angel-type-4
1f47c-1f3fe,baby-angel-type-5
1f47c-1f3ff,baby-angel-type-6
1f47c,baby-angel,angel
1f47d,alien
1f47e,alien-monster,space-invader
1f47f,imp
1f480,skull
1f481-1f3fb,information-desk-person-type-1-2
1f481-1f3fc,information-desk-person-type-3
1f481-1f3fd,information-desk-person-type-4
1f481-1f3fe,information-desk-person-type-5
1f481-1f3ff,information-desk-person-type-6
1f481,information-desk-person
1f482-1f3fb,guardsman-type-1-2
1f482-1f3fc,guardsman-type-3
1f482-1f3fd,guardsman-type-4
1f482-1f3fe,guardsman-type-5
1f482-1f3ff,guardsman-type-6
1f482,guardsman
1f483-1f3fb,dancer-type-1-2
1f483-1f3fc,dancer-type-3
1f483-1f3fd,dancer-type-4
1f483-1f3fe,dancer-type-5
1f483-1f3ff,dancer-type-6
1f483,dancer
1f484,lipstick
1f485-1f3fb,nail-polish-type-1-2
1f485-1f3fc,nail-polish-type-3
1f485-1f3fd,nail-polish-type-4
1f485-1f3fe,nail-polish-type-5
1f485-1f3ff,nail-polish-type-6
1f485,nail-polish,nail-care
1f486-1f3fb,face-massage-type-1-2
1f486-1f3fc,face-massage-type-3
1f486-1f3fd,face-massage-type-4
1f486-1f3fe,face-massage-type-5
1f486-1f3ff,face-massage-type-6
1f486,face-massage,massage
1f487-1f3fb,haircut-type-1-2
1f487-1f3fc,haircut-type-3
1f487-1f3fd,haircut-type-4
1f487-1f3fe,haircut-type-5
1f487-1f3ff,haircut-type-6
1f487,haircut
1f488,barber-pole,barber
1f489,syringe
1f48a,pill
1f48b,kiss-mark
1f48c,love-letter
1f48d,ring
1f48e,gem-stone,gem
1f48f,kiss,couplekiss
1f490,bouquet
1f491,couple-with-heart
1f492,wedding
1f493,beating-heart,heartbeat
1f494,broken-heart
1f495,two-hearts
1f496,sparkling-heart
1f497,growing-heart,heartpulse
1f498,heart-with-arrow,cupid
1f499,blue-heart
1f49a,green-heart
1f49b,yellow-heart
1f49c,purple-heart
1f49d,heart-with-ribbon,gift-heart
1f49e,revolving-hearts
1f49f,heart-decoration
1f4a0,diamond-with-a-dot,diamond-shape-with-a-dot-inside
1f4a1,light-bulb,bulb
1f4a2,anger-symbol,anger
1f4a3,bomb
1f4a4,zzz
1f4a5,collision,boom
1f4a6,sweat-droplets,sweat-drops
1f4a7,droplet
1f4a8,dashing,dash
1f4a9,pile-of-poo,poop
1f4aa-1f3fb,flexed-biceps-type-1-2
1f4aa-1f3fc,flexed-biceps-type-3
1f4aa-1f3fd,flexed-biceps-type-4
1f4aa-1f3fe,flexed-biceps-type-5
1f4aa-1f3ff,flexed-biceps-type-6
1f4aa,flexed-biceps,muscle
1f4ab,dizzy
1f4ac,speech-balloon
1f4ad,thought-balloon
1f4ae,white-flower
1f4af,hundred-points,100
1f4b0,money-bag,moneybag
1f4b1,currency-exchange
1f4b2,heavy-dollar-sign
1f4b3,credit-card
1f4b4,yen-banknote,yen
1f4b5,dollar-banknote,dollar
1f4b6,euro-banknote,euro
1f4b7,pound-banknote,pound
1f4b8,money-with-wings
1f4b9,chart-increasing-with-yen,chart
1f4ba,seat
1f4bb,laptop-computer,computer
1f4bc,briefcase
1f4bd,minidisc
1f4be,floppy-disk
1f4bf,optical-disc,cd
1f4c0,dvd
1f4c1,file-folder
1f4c2,open-file-folder
1f4c3,page-with-curl
1f4c4,page-facing-up
1f4c5,calendar,date
1f4c6,tear-off-calendar
1f4c7,card-index
1f4c8,chart-increasing,chart-with-upwards-trend
1f4c9,chart-decreasing,chart-with-downwards-trend
1f4ca,bar-chart
1f4cb,clipboard
1f4cc,pushpin
1f4cd,round-pushpin
1f4ce,paperclip
1f4cf,straight-ruler
1f4d0,triangular-ruler
1f4d1,bookmark-tabs
1f4d2,ledger
1f4d3,notebook
1f4d4,notebook-with-decorative-cover
1f4d5,closed-book
1f4d6,open-book
1f4d7,green-book
1f4d8,blue-book
1f4d9,orange-book
1f4da,books
1f4db,name-badge
1f4dc,scroll
1f4dd,memo
1f4de,telephone-receiver
1f4df,pager
1f4e0,fax-machine,fax
1f4e1,satellite-antenna
1f4e2,loudspeaker
1f4e3,megaphone,mega
1f4e4,outbox-tray
1f4e5,inbox-tray
1f4e6,package
1f4e7,e-mail
1f4e8,incoming-envelope
1f4e9,envelope-with-arrow
1f4ea,closed-mailbox-with-lowered-flag,mailbox-closed
1f4eb,closed-mailbox-with-raised-flag,mailbox
1f4ec,open-mailbox-with-raised-flag,mailbox-with-mail
1f4ed,open-mailbox-with-lowered-flag,mailbox-with-no-mail
1f4ee,postbox
1f4ef,postal-horn
1f4f0,newspaper
1f4f1,mobile-phone,iphone
1f4f2,mobile-phone-with-arrow,calling
1f4f3,vibration-mode
1f4f4,mobile-phone-off
1f4f5,no-mobile-phones
1f4f6,antenna-bars,signal-strength
1f4f7,camera
1f4f8,camera-with-flash
1f4f9,video-camera
1f4fa,television,tv
1f4fb,radio
1f4fc,videocassette,vhs
1f4fd,film-projector
1f4ff,prayer-beads
1f500,shuffle-tracks-button,twisted-rightwards-arrows
1f501,repeat-button,repeat
1f502,repeat-single-button,repeat-one
1f503,clockwise-vertical-arrows,arrows-clockwise
1f504,anticlockwise-arrows-button,arrows-counterclockwise
1f505,dim-button,low-brightness
1f506,bright-button,high-brightness
1f507,speaker-off,mute
1f508,speaker
1f509,speaker-on,sound
1f50a,speaker-loud
1f50b,battery
1f50c,electric-plug
1f50d,left-pointing-magnifying-glass,mag
1f50e,right-pointing-magnifying-glass,mag-right
1f50f,lock-with-pen,lock-with-ink-pen
1f510,closed-lock-with-key
1f511,key
1f512,lock
1f513,open-lock,unlock
1f514,bell
1f515,bell-with-slash,no-bell
1f516,bookmark
1f517,link
1f518,radio-button
1f519,back-arrow
1f51a,end-arrow,end
1f51b,onexc-arrow,on
1f51c,soon-arrow,soon
1f51d,top-arrow,top
1f51e,no-one-under-eighteen,underage
1f51f,keycap-ten
1f520,input-latin-uppercase,capital-abcd
1f521,input-latin-lowercase,abcd
1f522,input-numbers,1234
1f523,input-symbols,symbols
1f524,input-latin-letters,abc
1f525,fire
1f526,flashlight
1f527,wrench
1f528,hammer
1f529,nut-and-bolt
1f52a,kitchen-knife,hocho
1f52b,pistol,gun
1f52c,microscope
1f52d,telescope
1f52e,crystal-ball
1f52f,dotted-six-pointed-star,six-pointed-star
1f530,japanese-symbol-for-beginner,beginner
1f531,trident-emblem,trident
1f532,black-square-button
1f533,white-square-button
1f534,red-circle
1f535,blue-circle,large-blue-circle
1f536,large-orange-diamond
1f537,large-blue-diamond
1f538,small-orange-diamond
1f539,small-blue-diamond
1f53a,red-triangle-pointed-up,small-red-triangle
1f53b,red-triangle-pointed-down,small-red-triangle-down
1f53c,up-button,arrow-up-small
1f53d,down-button,arrow-down-small
1f549,om
1f54a,dove
1f54b,kaaba
1f54c,mosque
1f54d,synagogue
1f54e,menorah
1f550,one-oclock,clock1
1f551,two-oclock,clock2
1f552,three-oclock,clock3
1f553,four-oclock,clock4
1f554,five-oclock,clock5
1f555,six-oclock,clock6
1f556,seven-oclock,clock7
1f557,eight-oclock,clock8
1f558,nine-oclock,clock9
1f559,ten-oclock,clock10
1f55a,eleven-oclock,clock11
1f55b,twelve-oclock,clock12
1f55c,one-thirty,clock130
1f55d,two-thirty,clock230
1f55e,three-thirty,clock330
1f55f,four-thirty,clock430
1f560,five-thirty,clock530
1f561,six-thirty,clock630
1f562,seven-thirty,clock730
1f563,eight-thirty,clock830
1f564,nine-thirty,clock930
1f565,ten-thirty,clock1030
1f566,eleven-thirty,clock1130
1f567,twelve-thirty,clock1230
1f56f,candle
1f570,mantelpiece-clock
1f573,hole
1f574,man-in-business-suit-levitating
1f575-1f3fb,sleuth-or-spy-type-1-2
1f575-1f3fc,sleuth-or-spy-type-3
1f575-1f3fd,sleuth-or-spy-type-4
1f575-1f3fe,sleuth-or-spy-type-5
1f575-1f3ff,sleuth-or-spy-type-6
1f575,detective
1f576,sunglasses
1f577,spider
1f578,spider-web
1f579,joystick
1f57a-1f3fb,man-dancing-type-1-2
1f57a-1f3fc,man-dancing-type-3
1f57a-1f3fd,man-dancing-type-4
1f57a-1f3fe,man-dancing-type-5
1f57a-1f3ff,man-dancing-type-6
1f57a,man-dancing
1f587,linked-paperclips
1f58a,pen
1f58b,fountain-pen
1f58c,paintbrush
1f58d,crayon
1f590-1f3fb,raised-hand-with-fingers-splayed-type-1-2
1f590-1f3fc,raised-hand-with-fingers-splayed-type-3
1f590-1f3fd,raised-hand-with-fingers-splayed-type-4
1f590-1f3fe,raised-hand-with-fingers-splayed-type-5
1f590-1f3ff,raised-hand-with-fingers-splayed-type-6
1f590,raised-hand-with-fingers-splayed
1f595-1f3fb,reversed-hand-with-middle-finger-extended-type-1-2
1f595-1f3fc,reversed-hand-with-middle-finger-extended-type-3
1f595-1f3fd,reversed-hand-with-middle-finger-extended-type-4
1f595-1f3fe,reversed-hand-with-middle-finger-extended-type-5
1f595-1f3ff,reversed-hand-with-middle-finger-extended-type-6
1f595,middle-finger
1f596-1f3fb,raised-hand-with-part-between-middle-and-ring-fingers-type-1-2
1f596-1f3fc,raised-hand-with-part-between-middle-and-ring-fingers-type-3
1f596-1f3fd,raised-hand-with-part-between-middle-and-ring-fingers-type-4
1f596-1f3fe,raised-hand-with-part-between-middle-and-ring-fingers-type-5
1f596-1f3ff,raised-hand-with-part-between-middle-and-ring-fingers-type-6
1f596,vulcan-salute
1f5a4,black-heart
1f5a5,desktop-computer
1f5a8,printer
1f5b1,computer-mouse
1f5b2,trackball
1f5bc,frame-with-picture
1f5c2,card-index-dividers
1f5c3,card-file-box
1f5c4,file-cabinet
1f5d1,wastebasket
1f5d2,spiral-notepad
1f5d3,spiral-calendar
1f5dc,compression
1f5dd,old-key
1f5de,rolled-up-newspaper
1f5e1,dagger
1f5e3,speaking-head
1f5e8,left-speech-bubble
1f5ef,right-anger-bubble
1f5f3,ballot-box-with-ballot
1f5fa,world-map
1f5fb,mount-fuji
1f5fc,tokyo-tower
1f5fd,statue-of-liberty
1f5fe,map-of-japan,japan
1f5ff,moai,moyai
1f600,grinning-face,grinning
1f601,grinning-face-with-smiling-eyes,grin
1f602,face-with-tears-of-joy,joy
1f603,smiling-face-with-open-mouth,smiley
1f604,smiling-face-with-open-mouth-and-smiling-eyes,smile
1f605,smiling-face-with-open-mouth-and-cold-sweat,sweat-smile
1f606,smiling-face-with-open-mouth-and-tightly-closed-eyes,laughing
1f607,smiling-face-with-halo,innocent
1f608,smiling-face-with-horns,smiling-imp
1f609,winking-face,wink
1f60a,smiling-face-with-smiling-eyes,blush
1f60b,face-savouring-delicious-food,yum
1f60c,relieved-face,satisfied
1f60d,smiling-face-with-heart-shaped-eyes,heart-eyes
1f60e,smiling-face-with-sunglasses
1f60f,smirking-face,smirk
1f610,neutral-face
1f611,expressionless-face,expressionless
1f612,unamused-face,unamused
1f613,face-with-cold-sweat,sweat
1f614,pensive-face,pensive
1f615,confused-face,confused
1f616,confounded-face,confounded
1f617,kissing-face,kissing
1f618,face-throwing-a-kiss,kissing-heart
1f619,kissing-face-with-smiling-eyes,kissing-smiling-eyes
1f61a,kissing-face-with-closed-eyes,kissing-closed-eyes
1f61b,face-with-stuck-out-tongue,stuck-out-tongue
1f61c,face-with-stuck-out-tongue-and-winking-eye,stuck-out-tongue-winking-eye
1f61d,face-with-stuck-out-tongue-and-tightly-closed-eyes,stuck-out-tongue-closed-eyes
1f61e,disappointed-face,disappointed
1f61f,worried-face,worried
1f620,angry-face,angry
1f621,pouting-face,rage
1f622,crying-face,cry
1f623,persevering-face,persevere
1f624,face-with-steam-from-nose,triumph
1f625,disappointed-but-relieved-face,relieved
1f626,frowning-face-with-open-mouth,frowning
1f627,anguished-face,anguished
1f628,fearful-face,fearful
1f629,weary-face,weary
1f62a,sleepy-face,sleepy
1f62b,tired-face
1f62c,grimacing-face,grimacing
1f62d,loudly-crying-face,sob
1f62e,face-with-open-mouth,open-mouth
1f62f,hushed-face,hushed
1f630,face-with-open-mouth-and-cold-sweat,cold-sweat
1f631,face-screaming-in-fear,scream
1f632,astonished-face,astonished
1f633,flushed-face,flushed
1f634,sleeping-face,sleeping
1f635,dizzy-face
1f636,face-without-mouth,no-mouth
1f637,face-with-medical-mask,mask
1f638,grinning-cat-face-with-smiling-eyes,smile-cat
1f639,cat-face-with-tears-of-joy,joy-cat
1f63a,smiling-cat-face-with-open-mouth,smiley-cat
1f63b,smiling-cat-face-with-heart-shaped-eyes,heart-eyes-cat
1f63c,cat-face-with-wry-smile,smirk-cat
1f63d,kissing-cat-face-with-closed-eyes,kissing-cat
1f63e,pouting-cat-face,pouting-cat
1f63f,crying-cat-face
1f640,weary-cat-face,scream-cat
1f641,slightly-frowning-face
1f642,slightly-smiling-face
1f643,upside-down-face
1f644,face-with-rolling-eyes
1f645-1f3fb,face-with-no-good-gesture-type-1-2
1f645-1f3fc,face-with-no-good-gesture-type-3
1f645-1f3fd,face-with-no-good-gesture-type-4
1f645-1f3fe,face-with-no-good-gesture-type-5
1f645-1f3ff,face-with-no-good-gesture-type-6
1f645,gesturing-no,no-good
1f646-1f3fb,face-with-ok-gesture-type-1-2
1f646-1f3fc,face-with-ok-gesture-type-3
1f646-1f3fd,face-with-ok-gesture-type-4
1f646-1f3fe,face-with-ok-gesture-type-5
1f646-1f3ff,face-with-ok-gesture-type-6
1f646,gesturing-ok,ok-woman
1f647-1f3fb,person-bowing-deeply-type-1-2
1f647-1f3fc,person-bowing-deeply-type-3
1f647-1f3fd,person-bowing-deeply-type-4
1f647-1f3fe,person-bowing-deeply-type-5
1f647-1f3ff,person-bowing-deeply-type-6
1f647,person-bowing,bow
1f648,see-no-evil
1f649,hear-no-evil
1f64a,speak-no-evil
1f64b-1f3fb,happy-person-raising-one-hand-type-1-2
1f64b-1f3fc,happy-person-raising-one-hand-type-3
1f64b-1f3fd,happy-person-raising-one-hand-type-4
1f64b-1f3fe,happy-person-raising-one-hand-type-5
1f64b-1f3ff,happy-person-raising-one-hand-type-6
1f64b,happy-person-raising-hand,happy-person-raised-hand
1f64c-1f3fb,person-raising-both-hands-in-celebration-type-1-2
1f64c-1f3fc,person-raising-both-hands-in-celebration-type-3
1f64c-1f3fd,person-raising-both-hands-in-celebration-type-4
1f64c-1f3fe,person-raising-both-hands-in-celebration-type-5
1f64c-1f3ff,person-raising-both-hands-in-celebration-type-6
1f64c,person-raising-hands,raised-hands
1f64d-1f3fb,person-frowning-type-1-2
1f64d-1f3fc,person-frowning-type-3
1f64d-1f3fd,person-frowning-type-4
1f64d-1f3fe,person-frowning-type-5
1f64d-1f3ff,person-frowning-type-6
1f64d,person-frowning
1f64e-1f3fb,person-with-pouting-face-type-1-2
1f64e-1f3fc,person-with-pouting-face-type-3
1f64e-1f3fd,person-with-pouting-face-type-4
1f64e-1f3fe,person-with-pouting-face-type-5
1f64e-1f3ff,person-with-pouting-face-type-6
1f64e,person-pouting,person-with-pouting-face
1f64f-1f3fb,person-with-folded-hands-type-1-2
1f64f-1f3fc,person-with-folded-hands-type-3
1f64f-1f3fd,person-with-folded-hands-type-4
1f64f-1f3fe,person-with-folded-hands-type-5
1f64f-1f3ff,person-with-folded-hands-type-6
1f64f,folded-hands,pray
1f680,rocket
1f681,helicopter
1f682,locomotive,steam-locomotive
1f683,railway-car
1f684,high-speed-train,bullettrain-side
1f685,high-speed-train-with-bullet-nose,bullettrain-front
1f686,train,train2
1f687,metro
1f688,light-rail
1f689,station
1f68a,tram
1f68b,tram-car
1f68c,bus
1f68d,oncoming-bus
1f68e,trolleybus
1f68f,bus-stop,busstop
1f690,minibus
1f691,ambulance
1f692,fire-engine
1f693,police-car
1f694,oncoming-police-car
1f695,taxi
1f696,oncoming-taxi
1f697,automobile,car
1f698,oncoming-automobile
1f699,recreational-vehicle,blue-car
1f69a,delivery-truck,truck
1f69b,articulated-lorry
1f69c,tractor
1f69d,monorail
1f69e,mountain-railway
1f69f,suspension-railway
1f6a0,mountain-cableway
1f6a1,aerial-tramway
1f6a2,ship
1f6a3-1f3fb,rowboat-type-1-2
1f6a3-1f3fc,rowboat-type-3
1f6a3-1f3fd,rowboat-type-4
1f6a3-1f3fe,rowboat-type-5
1f6a3-1f3ff,rowboat-type-6
1f6a3,rowboat
1f6a4,speedboat
1f6a5,horizontal-traffic-light,traffic-light
1f6a6,vertical-traffic-light
1f6a7,construction
1f6a8,police-cars-light,rotating-light
1f6a9,triangular-flag,triangular-flag-on-post
1f6aa,door
1f6ab,prohibited,no-entry-sign
1f6ac,smoking
1f6ad,no-smoking
1f6ae,litter-in-bin-sign,put-litter-in-its-place
1f6af,no-littering,do-not-litter
1f6b0,potable-water
1f6b1,non-potable-water
1f6b2,bicycle,bike
1f6b3,no-bicycles
1f6b4-1f3fb,bicyclist-type-1-2
1f6b4-1f3fc,bicyclist-type-3
1f6b4-1f3fd,bicyclist-type-4
1f6b4-1f3fe,bicyclist-type-5
1f6b4-1f3ff,bicyclist-type-6
1f6b4,bicyclist
1f6b5-1f3fb,mountain-bicyclist-type-1-2
1f6b5-1f3fc,mountain-bicyclist-type-3
1f6b5-1f3fd,mountain-bicyclist-type-4
1f6b5-1f3fe,mountain-bicyclist-type-5
1f6b5-1f3ff,mountain-bicyclist-type-6
1f6b5,mountain-biker,mountain-bicyclist
1f6b6-1f3fb,pedestrian-type-1-2
1f6b6-1f3fc,pedestrian-type-3
1f6b6-1f3fd,pedestrian-type-4
1f6b6-1f3fe,pedestrian-type-5
1f6b6-1f3ff,pedestrian-type-6
1f6b6,pedestrian,walking
1f6b7,no-pedestrians
1f6b8,children-crossing
1f6b9,mens-room,mens
1f6ba,womens-room,womens
1f6bb,restroom
1f6bc,baby-symbol
1f6bd,toilet
1f6be,water-closet,wc
1f6bf,shower
1f6c0-1f3fb,bath-type-1-2
1f6c0-1f3fc,bath-type-3
1f6c0-1f3fd,bath-type-4
1f6c0-1f3fe,bath-type-5
1f6c0-1f3ff,bath-type-6
1f6c0,person-taking-bath,bath
1f6c1,bathtub
1f6c2,passport-control
1f6c3,customs
1f6c4,baggage-claim
1f6c5,left-luggage
1f6cb,couch-and-lamp
1f6cc,person-in-bed
1f6cd,shopping-bags
1f6ce,bellhop-bell
1f6cf,bed
1f6d0,place-of-worship
1f6d1,octagonal-sign
1f6d2,shopping-trolley
1f6e0,hammer-and-wrench
1f6e1,shield
1f6e2,oil-drum
1f6e3,motorway
1f6e4,railway-track
1f6e5,motor-boat
1f6e9,small-airplane
1f6eb,airplane-departure
1f6ec,airplane-arrival
1f6f0,satellite
1f6f3,passenger-ship
1f6f4,scooter
1f6f5,motor-scooter
1f6f6,canoe
1f910,zipper-mouth-face
1f911,money-mouth-face
1f912,face-with-thermometer
1f913,nerd-face
1f914,thinking-face
1f915,face-with-head-bandage
1f916,robot-face
1f917,hugging-face
1f918-1f3fb,sign-of-the-horns-type-1-2
1f918-1f3fc,sign-of-the-horns-type-3
1f918-1f3fd,sign-of-the-horns-type-4
1f918-1f3fe,sign-of-the-horns-type-5
1f918-1f3ff,sign-of-the-horns-type-6
1f918,sign-of-the-horns
1f919-1f3fb,call-me-hand-type-1-2
1f919-1f3fc,call-me-hand-type-3
1f919-1f3fd,call-me-hand-type-4
1f919-1f3fe,call-me-hand-type-5
1f919-1f3ff,call-me-hand-type-6
1f919,call-me-hand
1f91a-1f3fb,raised-back-of-hand-type-1-2
1f91a-1f3fc,raised-back-of-hand-type-3
1f91a-1f3fd,raised-back-of-hand-type-4
1f91a-1f3fe,raised-back-of-hand-type-5
1f91a-1f3ff,raised-back-of-hand-type-6
1f91a,raised-back-of-hand
1f91b-1f3fb,left-facing-fist-type-1-2
1f91b-1f3fc,left-facing-fist-type-3
1f91b-1f3fd,left-facing-fist-type-4
1f91b-1f3fe,left-facing-fist-type-5
1f91b-1f3ff,left-facing-fist-type-6
1f91b,left-facing-fist
1f91c-1f3fb,right-facing-fist-type-1-2
1f91c-1f3fc,right-facing-fist-type-3
1f91c-1f3fd,right-facing-fist-type-4
1f91c-1f3fe,right-facing-fist-type-5
1f91c-1f3ff,right-facing-fist-type-6
1f91c,right-facing-fist
1f91d-1f3fb,handshake-type-1-2
1f91d-1f3fc,handshake-type-3
1f91d-1f3fd,handshake-type-4
1f91d-1f3fe,handshake-type-5
1f91d-1f3ff,handshake-type-6
1f91d,handshake
1f91e-1f3fb,hand-with-index-and-middle-fingers-crossed-type-1-2
1f91e-1f3fc,hand-with-index-and-middle-fingers-crossed-type-3
1f91e-1f3fd,hand-with-index-and-middle-fingers-crossed-type-4
1f91e-1f3fe,hand-with-index-and-middle-fingers-crossed-type-5
1f91e-1f3ff,hand-with-index-and-middle-fingers-crossed-type-6
1f91e,hand-with-index-and-middle-fingers-crossed
1f920,face-with-cowboy-hat
1f921,clown-face
1f922,nauseated-face
1f923,rolling-on-the-floor-laughing
1f924,drooling-face
1f925,lying-face
1f926-1f3fb,face-palm-type-1-2
1f926-1f3fc,face-palm-type-3
1f926-1f3fd,face-palm-type-4
1f926-1f3fe,face-palm-type-5
1f926-1f3ff,face-palm-type-6
1f926,face-palm
1f927,sneezing-face
1f930-1f3fb,pregnant-woman-type-1-2
1f930-1f3fc,pregnant-woman-type-3
1f930-1f3fd,pregnant-woman-type-4
1f930-1f3fe,pregnant-woman-type-5
1f930-1f3ff,pregnant-woman-type-6
1f930,pregnant-woman
1f933-1f3fb,selfie-type-1-2
1f933-1f3fc,selfie-type-3
1f933-1f3fd,selfie-type-4
1f933-1f3fe,selfie-type-5
1f933-1f3ff,selfie-type-6
1f933,selfie
1f934-1f3fb,prince-type-1-2
1f934-1f3fc,prince-type-3
1f934-1f3fd,prince-type-4
1f934-1f3fe,prince-type-5
1f934-1f3ff,prince-type-6
1f934,prince
1f935-1f3fb,man-in-tuxedo-type-1-2
1f935-1f3fc,man-in-tuxedo-type-3
1f935-1f3fd,man-in-tuxedo-type-4
1f935-1f3fe,man-in-tuxedo-type-5
1f935-1f3ff,man-in-tuxedo-type-6
1f935,man-in-tuxedo
1f936-1f3fb,mother-christmas-type-1-2
1f936-1f3fc,mother-christmas-type-3
1f936-1f3fd,mother-christmas-type-4
1f936-1f3fe,mother-christmas-type-5
1f936-1f3ff,mother-christmas-type-6
1f936,mother-christmas
1f937-1f3fb,shrug-type-1-2
1f937-1f3fc,shrug-type-3
1f937-1f3fd,shrug-type-4
1f937-1f3fe,shrug-type-5
1f937-1f3ff,shrug-type-6
1f937,shrug
1f938-1f3fb,person-doing-cartwheel-type-1-2
1f938-1f3fc,person-doing-cartwheel-type-3
1f938-1f3fd,person-doing-cartwheel-type-4
1f938-1f3fe,person-doing-cartwheel-type-5
1f938-1f3ff,person-doing-cartwheel-type-6
1f938,person-doing-cartwheel
1f939-1f3fb,juggling-type-1-2
1f939-1f3fc,juggling-type-3
1f939-1f3fd,juggling-type-4
1f939-1f3fe,juggling-type-5
1f939-1f3ff,juggling-type-6
1f939,juggling
1f93a,fencer
1f93c-1f3fb,wrestlers-type-1-2
1f93c-1f3fc,wrestlers-type-3
1f93c-1f3fd,wrestlers-type-4
1f93c-1f3fe,wrestlers-type-5
1f93c-1f3ff,wrestlers-type-6
1f93c,wrestlers
1f93d-1f3fb,water-polo-type-1-2
1f93d-1f3fc,water-polo-type-3
1f93d-1f3fd,water-polo-type-4
1f93d-1f3fe,water-polo-type-5
1f93d-1f3ff,water-polo-type-6
1f93d,water-polo
1f93e-1f3fb,handball-type-1-2
1f93e-1f3fc,handball-type-3
1f93e-1f3fd,handball-type-4
1f93e-1f3fe,handball-type-5
1f93e-1f3ff,handball-type-6
1f93e,handball
1f940,wilted-flower
1f941,drum-with-drumsticks
1f942,clinking-glasses
1f943,tumbler-glass
1f944,spoon
1f945,goal-net
1f947,first-place-medal
1f948,second-place-medal
1f949,third-place-medal
1f94a,boxing-glove
1f94b,martial-arts-uniform
1f950,croissant
1f951,avocado
1f952,cucumber
1f953,bacon
1f954,potato
1f955,carrot
1f956,baguette-bread
1f957,green-salad
1f958,shallow-pan-of-food
1f959,stuffed-flatbread
1f95a,egg
1f95b,glass-of-milk
1f95c,peanuts
1f95d,kiwifruit
1f95e,pancakes
1f980,crab
1f981,lion-face
1f982,scorpion
1f983,turkey
1f984,unicorn-face
1f985,eagle
1f986,duck
1f987,bat
1f988,shark
1f989,owl
1f98a,fox-face
1f98b,butterfly
1f98c,deer
1f98d,gorilla
1f98e,lizard
1f98f,rhinoceros
1f990,shrimp
1f991,squid
1f9c0,cheese-wedge
203c,double-exclamation-mark,bangbang
2049,exclamation-question-mark,interrobang
2122,trade-mark,tm
2139,information-source
2194,left-right-arrow
2195,up-down-arrow,arrow-up-down
2196,up-left-arrow,arrow-upper-left
2197,up-right-arrow,arrow-upper-right
2198,down-right-arrow,arrow-lower-right
2199,down-left-arrow,arrow-lower-left
21a9,right-arrow-curving-left,leftwards-arrow-with-hook
21aa,left-arrow-curving-right,arrow-right-hook
23-20e3,hash
231a,watch
231b,hourglass
2328,keyboard
23cf,eject-button
23e9,fast-forword-button,fast-forward
23ea,fast-reverse-button,rewind
23eb,fast-up-button,arrow-double-up
23ec,fast-down-button,arrow-double-down
23ed,next-track-button
23ee,last-track-button
23ef,play-or-pause-button
23f0,alarm-clock
23f1,stopwatch
23f2,timer-clock
23f3,hourglass-with-flowing-sand,hourglass-flowing-sand
23f8,pause-button
23f9,stop-button
23fa,record-button
24c2,circled-letter-m,m
25aa,black-small-square
25ab,white-small-square
25b6,play-button,arrow-forward
25c0,reverse-button,arrow-backward
25fb,white-medium-square
25fc,black-medium-square
25fd,white-medium-small-square
25fe,black-medium-small-square
2600,sun,sunny
2601,cloud
2602,umbrella
2603,snowman
2604,comet
260e,telephone,phone
2611,ballot-box-with-check
2614,umbrella-with-rain-drops
2615,hot-beverage,coffee
2618,shamrock
261d-1f3fb,white-up-pointing-index-type-1-2
261d-1f3fc,white-up-pointing-index-type-3
261d-1f3fd,white-up-pointing-index-type-4
261d-1f3fe,white-up-pointing-index-type-5
261d-1f3ff,white-up-pointing-index-type-6
261d,index-pointing-up,point-up
2620,skull-and-crossbones
2622,radioactive
2623,biohazard
2626,orthodox-cross
262a,star-and-crescent
262e,peace-symbol
262f,yin-yang
2638,wheel-of-dharma
2639,frowning-face
263a,smiling-face,relaxed
2648,aries
2649,taurus
264a,gemini
264b,cancer
264c,leo
264d,virgo
264e,libra
264f,scorpius
2650,sagittarius
2651,capricorn
2652,aquarius
2653,pisces
2660,spade-suit,spades
2663,club-suit,clubs
2665,heart-suit,hearts
2666,diamond-suit,diamonds
2668,hot-springs,hotsprings
267b,recycling-symbol,recycle
267f,wheelchair
2692,hammer-and-pick
2693,anchor
2694,crossed-swords
2696,balance-scale
2697,alembic
2699,gear
269b,atom-symbol
269c,fleur-de-lis
26a0,warning
26a1,high-voltage,zap
26aa,white-circle
26ab,black-circle
26b0,coffin
26b1,funeral-urn
26bd,soccer-ball,soccer
26be,baseball
26c4,snowman-without-snow
26c5,sun-behind-cloud,partly-sunny
26c8,cloud-with-lightning-and-rain
26ce,ophiuchus
26cf,pick
26d1,helmet-with-white-cross
26d3,chains
26d4,no-entry
26e9,shinto-shrine
26ea,church
26f0,mountain
26f1,umbrella-on-ground
26f2,fountain
26f3,flag-in-hole,golf
26f4,ferry
26f5,sailboat,boat
26f7,skier
26f8,ice-skate
26f9-1f3fb,person-with-ball-type-1-2
26f9-1f3fc,person-with-ball-type-3
26f9-1f3fd,person-with-ball-type-4
26f9-1f3fe,person-with-ball-type-5
26f9-1f3ff,person-with-ball-type-6
26f9,person-with-ball
26fa,tent
26fd,fuel-pump,fuelpump
2702,scissors
2705,white-heavy-check-mark,white-check-mark
2708,airplane
2709,envelope,email
270a-1f3fb,raised-fist-type-1-2
270a-1f3fc,raised-fist-type-3
270a-1f3fd,raised-fist-type-4
270a-1f3fe,raised-fist-type-5
270a-1f3ff,raised-fist-type-6
270a,raised-fist,fist
270b-1f3fb,raised-hand-type-1-2
270b-1f3fc,raised-hand-type-3
270b-1f3fd,raised-hand-type-4
270b-1f3fe,raised-hand-type-5
270b-1f3ff,raised-hand-type-6
270b,raised-hand,hand
270c-1f3fb,victory-hand-type-1-2
270c-1f3fc,victory-hand-type-3
270c-1f3fd,victory-hand-type-4
270c-1f3fe,victory-hand-type-5
270c-1f3ff,victory-hand-type-6
270c,victory-hand,v
270d-1f3fb,writing-hand-type-1-2
270d-1f3fc,writing-hand-type-3
270d-1f3fd,writing-hand-type-4
270d-1f3fe,writing-hand-type-5
270d-1f3ff,writing-hand-type-6
270d,writing-hand
270f,pencil,pencil2
2712,black-nib
2714,heavy-check-mark
2716,heavy-multiplication-x
271d,latin-cross
2721,star-of-david
2728,sparkles
2733,eight-spoked-asterisk
2734,eight-pointed-star,eight-pointed-black-star
2744,snowflake
2747,sparkle
274c,cross-mark,x
274e,cross-mark-button,negative-squared-cross-mark
2753,question-mark,question
2754,white-question-mark,grey-question
2755,white-exclamation-mark,grey-exclamation
2757,exclamation-mark,exclamation
2763,heavy-heart-exclamation-mark-ornament
2764,red-heart,heart
2795,heavy-plus-sign
2796,heavy-minus-sign
2797,heavy-division-sign
27a1,right-arrow,arrow-right
27b0,curly-loop
27bf,double-curly-loop,loop
2934,right-arrow-curving-up,arrow-heading-up
2935,right-arrow-curving-down,arrow-heading-down
2a-20e3,asterisk
2b05,left-arrow,arrow-left
2b06,up-arrow,arrow-up
2b07,down-arrow,arrow-down
2b1b,black-large-square
2b1c,white-large-square
2b50,white-medium-star,star
2b55,heavy-large-circle,o
30-20e3,zero
3030,wavy-dash
303d,part-alternation-mark
31-20e3,one
32-20e3,two
3297,circled-congratulate-ideograph,congratulations
3299,circled-secret-ideograph,secret
33-20e3,three
34-20e3,four
35-20e3,five
36-20e3,six
37-20e3,seven
38-20e3,eight
39-20e3,nine
a9,copyright
ae,registered
e50a,shibuya,shibuya-109
